,sx,sy,l,f1_score
0,9,,0.09,0.3046131069568432
1,9,,0.1,0.30515670209000123
2,9,,0.11,0.3042956241219032
3,10,,0.09,0.3039731913489038
4,10,,0.1,0.304208721896169
5,10,,0.11,0.30477930257889346
6,11,,0.09,0.3025870549825593
7,11,,0.1,0.30233830638972914
8,11,,0.11,0.3022427860567865
