,sx,sy,l,f1_score
0,10.0,,10.0,0.1507330833011738
1,10.0,,0.1,0.304208721896169
2,10.0,,0.01,0.29207554709417954
3,1.0,,10.0,0.12949761297642193
4,1.0,,0.1,0.14711881283167813
5,1.0,,0.01,0.14757436356862036
6,0.1,,10.0,0.057669782322890675
7,0.1,,0.1,0.057669782322890675
8,0.1,,0.01,0.057669782322890675
